epoch,loss,mean_absolute_error,val_loss,val_mean_absolute_error
0,1149.6871337890625,22.128841400146484,54546.04296875,160.5697784423828
1,1047.835205078125,21.199995040893555,165899.171875,311.57733154296875
